,City,Approx. Latitude,Approx. Longitude
0,kamenka,66.52680379983957,44.24092375714474
1,sentyabrskiy,27.768135881527684,161.6687912578712
2,taolanaro,-65.26843939937311,59.625655005838524
3,chegem,43.422468460643444,42.99373771773011
4,rikitea,-34.06564746200032,-137.36397281258434
5,albany,-75.05216938190493,118.7488774227757
6,amderma,77.38214377860649,67.11465178316683
7,busselton,-54.69249591473184,82.3187597738389
8,port alfred,-77.47959900021866,43.07702879408694
9,pacific grove,29.21451921958625,-132.41341581869392
10,loubomo,-4.622780942981819,12.393967176808644
11,boende,0.36650288703727085,20.41433498503784
12,kruisfontein,-72.13642403402815,28.409142581388068
13,kahului,28.973192586024908,-153.710072634887
14,esperance,-43.65809059189141,125.87681280051328
15,la ronge,56.349714658524874,-106.90095591901259
16,san rafael,-36.36935086658124,-68.02153716801341
17,vaini,-82.1417286440679,-170.8057407427832
18,asau,-9.372529979888384,177.75608176027424
19,jamestown,-16.952055671137245,-13.989608109296967
20,esmeraldas,1.8344178588708502,-79.94978883205842
21,kodiak,55.075506390083234,-149.94861801769494
22,lorengau,8.187604373613837,146.2905146262072
23,ushuaia,-79.89324004413542,-29.307085634438778
24,tuktoyaktuk,86.29396088120035,-136.08119032978175
25,taltal,-24.46832592965889,-75.75786760930677
26,poum,-19.097653124494116,158.0407599776437
27,dikson,75.25772148850697,73.20968186356245
28,punta arenas,-67.55506678148595,-90.8993459390126
29,cape town,-56.03677300042447,-13.286228809739896
30,castro,-44.17305173270192,-76.81302787742044
31,qaanaaq,82.16185095014424,-91.36203517100576
32,chuy,-59.637957257798895,-25.54573721188973
33,hobart,-60.78944574086468,145.45936472801702
34,henties bay,-23.83016851743251,3.3943681822471774
35,east london,-80.14320235067176,58.556369152705884
36,vila velha,-24.093714862902942,-33.34362623450443
37,carnarvon,-27.086750750870856,102.76328130106941
38,senmonorom,12.250535829434995,106.73942672070172
39,cidreira,-47.478567733079,-34.46870563263744
40,broome,-17.73208671830642,121.38419488429912
41,orumiyeh,37.60618881980308,44.88151002764937
42,airai,9.846767198701059,137.81085778421118
43,maykain,51.22312845977703,75.69142511721421
44,ribeira grande,33.08758335854168,-35.07115833478318
45,faanui,-8.469588543177323,-159.93323909596646
46,mataura,-70.3359510001749,-155.87018613703233
47,maues,-4.158294679914775,-57.94283900139729
48,khatanga,89.83976330868722,93.1146540646082
49,shebunino,46.15738026143683,142.16137912883914
50,butte,45.99116699163412,-112.3215595339574
51,barrow,79.96422444238351,-167.48682175398582
52,bredasdorp,-78.68791278271406,22.59067744758579
53,cabo san lucas,10.75142476249394,-120.21396254810563
54,new norfolk,-71.85803814860853,128.17866779074996
55,victoria,-11.21664871254741,58.34964396234861
56,kem,65.77302652962788,34.81960268516863
57,longyearbyen,89.47249757053149,30.142535204998353
58,tuatapere,-46.24192593706168,158.15343702606947
59,chokurdakh,85.37617002133226,152.55624074971763
60,katobu,-5.507430682598496,122.25034415373227
61,karaton,46.45367729891794,52.67541835532762
62,sitka,41.11330397823477,-143.48074555949125
63,parrita,6.274590870661271,-86.66477035429924
64,provideniya,47.72034115409613,-177.47665017028814
65,matara,-4.831921749593789,83.80797330030072
66,naze,21.149060240776947,138.52623472386188
67,namibe,-13.31584092310868,5.67468733853525
68,barra do garcas,-13.300385351086547,-53.51622252786596
69,mazyr,51.99634740009509,29.589847374851644
70,hilo,5.262959827925357,-164.53215949855039
71,odweyne,9.893883021453135,46.65318632967745
72,haverfordwest,52.003407124761,-5.071734042719413
73,derzhavinsk,50.04507740941568,64.178819311236
74,moron,47.591572424840734,98.38335482641787
75,bengkulu,-23.548435399913387,89.80009290606051
76,portland,-43.86284560999697,140.05342595790256
77,linxia,34.03177655141138,102.70448714045301
78,tiksi,73.65088321406694,123.19656193440932
79,avarua,-20.486407028333858,-159.25889325092228
80,codrington,23.198130398715406,-47.81545402466165
81,atuona,1.921086276598686,-126.86149886776661
82,ahipara,-34.30708787641738,173.10036949550175
83,kapaa,37.19893523257339,-174.27946768632722
84,hualmay,-21.875675225971236,-96.16474610970523
85,batagay,68.83225929659989,134.40935101709982
86,xunchang,28.626133009553442,104.92637484374933
87,atar,19.36069700680268,-10.251429945522688
88,nantucket,38.84492308646503,-66.07463285756812
89,sao filipe,4.776256357359131,-27.46811609538244
90,ostrovnoy,77.25763107013788,42.8911157551191
91,muros,43.18443194665568,-15.118091568654592
92,ibaraki,34.820364147329244,135.51731127348307
93,neuquen,-41.15496085616182,-68.30177865797603
94,skjervoy,71.9350385687047,20.26464688663711
95,brainerd,46.23935158574022,-93.41312835062635
96,bluff,-61.7895283896634,157.53701049562642
97,ancud,-41.815781403157295,-76.35806628176152
98,nikolskoye,51.53138663449613,177.02912217135446
99,chapais,55.52321443443557,-75.7889809409108
100,rundu,-16.770695844038983,19.196970586392325
101,krasnoarmeysk,54.06345510506219,69.87741017071966
102,leningradskiy,72.60537354286635,179.00224735226823
103,kavieng,-0.2823518705865524,151.2803464449167
104,georgetown,-15.20377258322739,-16.50085690373038
105,mount isa,-20.007717970227702,140.51848595315084
106,kamariotissa,40.18185686025092,25.84465935810104
107,lautaro,-38.3629617937507,-72.46434801486782
108,severo-kurilsk,32.80188132743501,164.2233034265422
109,harlingen,26.22905775508964,-97.66122949604788
110,houma,25.972514066116815,-89.81626965442499
111,baykit,60.68066402885859,98.26128511229706
112,bathsheba,13.498960389707278,-51.9791140475142
113,aginskoye,50.544734517260764,114.33307871132126
114,araouane,20.13858737161398,-4.84979688356168
115,saint-philippe,-55.9146544347606,66.01865706638495
116,hayden,47.090025846330775,-115.73336032860115
117,puerto ayora,2.796597392397402,-104.57588621541726
118,lompoc,32.84711024650642,-122.22009231082527
119,nadym,63.91886423635481,70.86482748308978
120,mergui,12.514825757456478,96.73347607941633
121,upernavik,83.1627676181505,-59.39199326074528
122,merauke,-9.944257382187999,138.64440654594534
123,hermanus,-78.82621313184457,-2.7685120820201234
124,praia da vitoria,47.94748485240365,-24.104922562706975
125,sao joao do paraiso,-15.055474309344433,-41.95869082878539
126,ushtobe,46.22460014365629,78.73363400505144
127,aksu,41.748570302655224,80.14577573422088
128,pangnirtung,68.4292897029485,-63.89933246071871
129,olenino,56.244788697436945,33.41901083044226
130,caravelas,-19.00637812020736,-35.34820379217933
131,vardo,87.36027638875558,38.632979873404906
132,kshenskiy,51.820279008805045,37.662638054070754
133,razdolnoye,45.73199252086823,33.26816571150499
134,port elizabeth,-85.23139391404183,37.63544898631932
135,mar del plata,-60.28819077057807,-33.08713859030277
136,clyde river,67.58304023787542,-73.59832408192204
137,yellowknife,64.72454283067705,-105.46733838133815
138,bidor,3.995256738198293,101.41461975665766
139,manzhouli,45.75172652829227,117.20031203123796
140,adrar,26.30559338991044,-2.45311729067123
141,katsuura,30.974104646727525,145.10460291035776
142,caetite,-14.161822390443746,-42.42407393703141
143,nevelsk,46.663007227720385,142.02059989662098
144,ucluelet,48.75057812462205,-126.93650120786879
145,saint-ambroise,49.294806242268635,-71.37425966261218
146,viligili,0.370299125744026,75.28188482372587
147,khandyga,65.12412184254725,136.64424691554092
148,nome,63.40786959413447,-165.2648703994102
149,mallama,1.2217431186639516,-77.87348752686485
150,acapulco,10.729113612788879,-102.49179647447215
151,arraial do cabo,-29.281372248949822,-40.58358905792596
152,nuuk,65.01853029987473,-48.8907607647879
153,astoria,46.32229438262513,-125.13592567835025
154,ughelli,5.655421991925635,6.468639103271926
155,kamenskoye,65.13638001523432,164.92628899716885
156,dingle,52.497668768793346,-13.956089742418754
157,dublin,32.73219634850929,-82.4452195652339
158,cayenne,15.275314776773996,-42.282890267260825
159,hudson bay,53.38097337515478,-102.92608428281288
160,eenhana,-17.046897067590635,17.522958960570747
161,lebu,-33.68538709561847,-95.26751701124259
162,kavarna,42.84488646968495,28.557589516029424
163,basco,20.234571364457736,124.88834501201711
164,wajima,37.43881582855914,136.64399230370964
165,tutoia,1.9620176564209544,-41.63434662002058
166,marzuq,23.435300858314818,16.917330301210256
167,svetlyy,51.314538917597616,61.04797947428085
168,kushmurun,51.651223932299416,64.88841253997833
169,zhoucheng,24.25688034323842,101.96187411669638
170,fortuna,34.41252934877848,-140.7120186559449
171,khandela,27.558440688572404,75.49731726347696
172,urdzhar,46.73796362718517,82.31054330854221
173,mahebourg,-33.715829260541064,66.13392279438665
174,kabalo,-6.136923835600555,26.151861195723086
175,eureka,40.51554371822556,-133.42933936138394
176,narsaq,77.84578792843783,-62.996925448566486
177,valparaiso,-32.454129396719566,-74.93207002289837
178,road town,20.589608354342033,-64.52305468744746
179,sao felix do xingu,-9.464831790259694,-52.0541666954379
180,amahai,-3.330308992766689,130.26751693475455
181,talnakh,75.33849583664778,87.31850187198353
182,touros,0.965593402214509,-24.093441992937727
183,yerofey pavlovich,55.39299535069816,122.02027587421321
184,hokitika,-41.55757329076858,169.21614805833724
185,mahajanga,-16.100691394334376,45.135289755147454
186,iqaluit,57.860193451589936,-71.75884395201562
187,dalbandin,30.158135953188122,64.11478992051411
188,luderitz,-34.403531166809856,0.0988148740402437
189,riberalta,-12.4029820634357,-66.98789347269546
190,hasaki,22.85793099378833,156.14740576730043
191,okhotsk,59.311670062297424,145.28275553371606
192,kavaratti,8.733833835235956,70.19852288030529
193,guerrero negro,24.21682109545172,-121.28195894518687
194,hermosillo,28.971221161761648,-111.1775640314663
195,beloha,-29.744387367500913,40.8592006026102
196,pevek,75.32622795052555,171.6565319767226
197,verkhnyaya toyma,62.05788610238332,44.243962415634144
198,puerto madryn,-40.7036227087886,-66.0079859692455
199,pangkalanbuun,-4.175919669643619,112.21614034378518
200,tampere,61.753772742078525,23.89684395033177
201,worland,44.1310444028137,-108.51288146646779
202,puerto suarez,-19.497149128645717,-58.69177797515694
203,rovaniemi,67.24024438292446,25.118732975873115
204,pasca,4.1863928495860705,-74.29157241128425
205,husavik,68.17762734257872,-17.813809872877187
206,tumannyy,69.8124585920597,37.10097868968569
207,te anau,-41.18898436677406,164.88374236883044
208,ilulissat,72.31005643113716,-52.27805855542043
209,namatanai,-2.5754075050815857,153.44259164121297
210,saldanha,-36.66063038019724,1.2413200606223427
211,lebork,54.47373169240345,17.965022718516906
212,nanortalik,56.74255914795762,-45.58431307441805
213,kaitangata,-46.925022692433934,170.4261623701467
214,chernyshevskiy,63.29773741520174,113.23960314614845
215,turangi,-39.153510034943665,175.85134491980705
216,am timan,11.03548125037446,20.065386334647258
217,saleaula,3.191412795018053,-172.69822239343205
218,tarko-sale,63.276946963730666,79.55317701182054
219,gizo,-12.658922141620593,156.35725390798888
220,luwuk,-1.2753397910521898,121.84624784960607
221,kearney,41.12592800325086,-98.99917458072065
222,attawapiskat,60.54828148421521,-88.36901791363556
223,savasleyka,55.40660956847336,42.27373454314039
224,tsihombe,-41.659023380221434,48.74525016204507
225,priiskovyy,54.54713366568882,88.54866006581858
226,milingimbi,-10.277334866806626,134.80150066505382
227,kaoma,-15.252479189175304,24.443151201804028
228,northam,-28.990829348066015,118.81624631811138
229,hohhot,39.93853474114229,111.24291658791543
230,ponta do sol,18.513188969910715,-24.921579613860814
231,coos bay,42.016743519284546,-130.43645573688738
232,mitsamiouli,-6.853365274814848,44.22589861838685
233,saryshagan,45.23103233152159,73.65626715338789
234,hobyo,0.9205674054288977,52.024451030542934
235,mana,8.561580881575509,-53.358792563597035
236,thompson,59.34424575766852,-97.48615339652477
237,kazalinsk,43.74074781387799,62.79621689844407
238,llanes,45.67937493590097,-4.558159265219814
239,terrace,57.5930489840149,-128.52134749862012
240,norman wells,70.72886423681828,-124.10354463020869
241,srednekolymsk,67.5086958117192,154.87798115990182
242,sri aman,0.75924657298782,112.26928328782014
243,puerto escondido,9.537650206825134,-100.45425489608985
244,barentsburg,84.01980426180677,-4.9343722832942944
245,babstovo,48.47226909757862,132.2130138730633
246,porto novo,15.692802744531832,-30.25060478982431
247,samusu,-2.2104070369545497,-164.22938784591122
248,verkh-usugli,53.995977893229934,115.15805806845668
249,butaritari,22.99864728081397,162.56828615513257
250,illoqqortoormiut,81.87146861072003,-21.347650184791576
251,port blair,11.429793300705114,90.90532872623567
252,kokopo,-4.517629938627337,151.9934825030113
253,bambous virieux,-32.03057294827109,75.27587415623313
254,estelle,25.9430792636185,-88.40318559651345
255,hailey,43.29807425266509,-114.26918735316598
256,uray,60.39009546502851,65.0693273161285
257,praia,11.407260459794145,-23.024909300318114
258,belushya guba,69.7167959839862,52.747819793016674
259,deniliquin,-35.81387504589521,144.24900725805566
260,nemuro,39.48375034450447,146.56393855724065
261,ulladulla,-39.505731765127166,156.3337976377341
262,kanniyakumari,6.93049947339027,77.44508918806639
263,saint george,28.70695648518786,-46.7156806237175
264,annan,54.860122824367494,-3.451250629378876
265,kenora,50.234509154610606,-94.27723477028725
266,luebo,-5.632416699241261,21.312374312227035
267,moen,68.97190204009863,17.638036336173798
268,shahgarh,24.325701621648207,79.25588441867455
269,anadyr,62.25645441454162,176.36076819243885
270,rio gallegos,-50.03662017992375,-64.14185010578571
271,guanica,16.412022884083513,-67.77180602711275
272,isangel,-19.120981430102603,168.15603621307577
273,biak,-0.0231893341569247,137.50008963585208
274,cherskiy,76.31451058171245,159.936200839594
275,ituni,4.853224332365016,-59.56557229217374
276,hambantota,-5.423042200596569,86.27568261552977
277,alice springs,-26.661015029501826,138.07541647513358
278,vestmanna,65.51757140145065,-7.515477680850154
279,alyangula,-16.152080137923818,137.22175700985275
280,nizhneyansk,76.56456509674197,139.99409880188
281,natal,-2.16896014216978,-27.369289130473817
282,bria,6.968071993770394,23.0087564290576
283,san cristobal,-6.787218344951185,-89.29227642160396
284,bethel,56.1521209274641,-167.31606067431417
285,vostok,53.57902530240722,149.0910227340055
286,polovinnoye,54.1148581898118,66.03254010833751
287,salekhard,67.01892357093786,67.15871085777218
288,newala,-10.896391931392913,39.23911526081571
289,jutai,-4.622855703086586,-67.9838378130497
290,la sarre,49.45932160624454,-79.01385569766772
291,verkhoyansk,66.58480857132727,133.88834435122374
292,sayat,38.52155600909242,64.21967429857861
293,kindu,-1.822950668071087,24.920203945145886
294,yulara,-28.3798104525709,126.11553963594662
295,ada,34.752527204145466,-97.11177369595377
296,aklavik,70.76251247141374,-138.09565916862374
297,paramonga,-11.689343653846322,-79.4688818968949
298,rypefjord,70.10994724768176,23.824004994467714
299,bilma,17.108818665305307,15.212515951540183
300,sola,-13.671803474369824,165.61150091456426
301,port hardy,43.8895788614268,-135.9983458690735
302,goba,6.084028001193374,39.94528163958998
303,sao joao da barra,-28.12325548891861,-32.55433346567264
304,lixourion,37.05481278630148,19.36177839887489
305,malakal,9.073802871989116,33.03055118814456
306,samarai,-13.593219699900317,148.61915906994028
307,klaksvik,68.61857229642237,-7.8048309184963784
308,hamilton,29.260806122114587,-68.32763370154514
309,igrim,63.72841518288223,65.42633064689682
310,bardsir,29.78707034084023,56.91192264202988
311,shambu,9.975468545623542,37.143843958367796
312,monchengladbach,51.243838745297694,6.441548193282131
313,charters towers,-20.119974601177546,144.8215821829378
314,murray bridge,-35.838801492030115,139.65351717600015
315,gazli,41.49362622858433,63.50772787755969
316,chaman,30.681642432335565,66.09827960451335
317,verkhneyarkeyevo,55.178267687716954,54.34463047268781
318,marawi,18.93753785638141,32.928749692255195
319,portales,34.31427641581354,-104.13035362849266
320,antofagasta,-22.435174546510382,-75.57107587098905
321,fare,-12.192733364365537,-148.4772241114855
322,prince albert,53.30639596090512,-105.80158651327059
323,yarada,15.497164483312574,85.31269430996315
324,darhan,44.188609356924644,108.45377833231902
325,kachiry,54.09968178746905,75.96203126908429
326,buraydah,24.869273684429928,42.85475460517719
327,ayan,57.43355554321508,139.45102793513456
328,san quintin,27.843364265215627,-119.33990762096946
329,mount gambier,-40.69134444250049,137.5376917618206
330,seydisehir,37.412005088545754,31.78781872974693
331,vao,-28.086207069135902,171.39512595051826
332,dawei,14.49903918775044,98.66192351571215
333,eyl,8.599006923287817,49.452478692194234
334,iskateley,68.92896482204122,53.7859060463079
335,sandakan,5.994613399312939,118.08394522816229
336,kyren,51.88277889623768,101.79680601328027
337,dillon,45.35243850583731,-112.33101533336279
338,feijo,-9.092910831559422,-70.48777080827007
339,haibowan,40.96248150259083,107.16551525328504
340,balkanabat,39.66989134181699,54.074940050938466
341,hami,43.59121300742629,94.3338512050255
342,sakakah,29.699718787334106,40.91700801079705
343,vizinga,60.985466727664175,50.69633886719521
344,souillac,-40.690653142624704,66.06107377677557
345,newcastle,-32.89818302028788,151.91105783408233
346,progreso,24.095841067160833,-89.48902086075465
347,cabedelo,-6.265311626963168,-30.165520726163493
348,camp verde,34.16127101338087,-111.93099223347545
349,cabinda,-6.7993247698234285,8.419772159734066
350,paita,-7.410406310307906,-85.05604838931022
351,andevoranto,-19.28144441172867,49.87507267366988
352,carolina,-7.374994686202513,-47.550059838051965
353,leh,34.61304577127609,76.94801255416007
354,sao jose da coroa grande,-12.303113998828977,-25.390963014422823
355,wanxian,30.349297914470213,107.81926578867308
356,mys shmidta,89.09047286579334,-178.01431254177496
357,zemio,5.466019060855814,24.961212105446947
358,ulaanbaatar,48.710242255997,108.03492315465269
359,hithadhoo,-15.275870425746987,81.28619030496407
360,vawkavysk,52.8720223392626,24.13776643986563
361,dese,11.490933154586116,39.56103796019744
362,ulagan,50.999525693505944,87.95759615686154
363,grindavik,57.30050862923997,-25.718010033874435
364,arlit,19.7381049173666,5.32474757005815
365,saint-pierre,46.21190427973778,-56.472319559484006
366,dwarka,20.049336783425716,66.13136889760574
367,brae,61.3690242447185,-1.848447241108147
368,panaba,22.759049158562576,-88.30905723839386
369,zabol,30.35768434625568,60.51642098205156
370,falam,22.234488689431018,94.01687952315638
371,kabare,-3.252164691710334,27.91288804281706
372,zapopan,20.655534666200353,-103.4579030872899
373,oktyabrskiy,48.019047145030186,43.29182052470239
374,adeje,26.328427627008125,-18.10596499154761
375,dehui,44.65737308416806,126.08519149229102
376,lagoa,48.105307805461564,-27.281610203388112
377,sharjah,25.272455845650967,56.16888449210671
378,nelson bay,-38.325918438068356,159.04284041219074
379,whyalla,-33.6268689269238,137.1454354310224
380,raudeberg,67.9428204613858,1.1212165420893427
381,almeirim,-1.4697692668475355,-52.77900183151618
382,lolua,-7.0762186918717305,175.80129021441627
383,atagay,55.37812701608297,99.70821630290766
384,maragogi,-16.56725315933066,-24.519353217751416
385,beringovskiy,58.146591192373705,174.18768725297292
386,inirida,4.451642485232,-68.05248199133331
387,littleton,44.23892551525299,-71.68456827821616
388,torbat-e jam,34.784670782659035,59.24617672060867
389,southbridge,-45.44992588684194,173.41278490564764
390,los llanos de aridane,26.134366595731336,-19.31655856637599
391,half moon bay,33.683417556867724,-131.81694338162043
392,puerto del rosario,27.016351290998443,-11.244544663956304
393,nirasaki,35.75689631366784,138.38756326932184
394,puerto carreno,5.877442663336083,-65.27287008626915
395,saskylakh,87.04247794832733,118.39768544003385
396,rungata,-1.70110437741441,176.56567897160863
397,lima,-18.90364860369631,-89.428881714942
398,udachnyy,69.44636877243673,110.99145772054203
399,san patricio,14.49985708218567,-110.5994168197939
400,flin flon,55.67973426623152,-102.23645005296636
401,lavrentiya,69.19128062841892,-172.03887298508593
402,faya,18.778055637840126,20.271692644855136
403,qui nhon,15.145013132045364,114.16909763706269
404,ambon,-4.461225403022837,128.4524738652018
405,scotts valley,37.064727886062826,-122.20228626198534
406,terenos,-20.316999976160517,-55.27975538210214
407,makat,47.81281925980312,54.723556831179394
408,akdagmadeni,39.40367658502987,35.549592923415844
409,verkhnyaya inta,66.48369780420634,61.91289558372398
410,yeppoon,-21.715683535466496,152.97118515161185
411,veshenskaya,49.937723071053256,41.55736631889289
412,seoul,37.117685589294325,126.08587026514294
413,bumba,2.6708067173359638,22.463122517392236
414,north bend,44.09288686928301,-124.77234975489355
415,dudinka,69.18252697164885,86.6393884690749
416,byron bay,-28.2633766768446,157.18471684829103
417,mokhsogollokh,60.76205912311397,128.9669803655039
418,tairua,-36.069073158082674,177.38447027306904
419,champerico,11.100738477724704,-93.9839477754765
420,komsomolskiy,66.67141927472733,174.46962520265288
421,kaniv,49.66668605499751,31.389638306356375
422,marcona,-18.005469194068468,-77.11876130437489
423,eskasem,36.71888068402929,72.17239277328312
424,torbay,40.30039813084218,-42.4441021318228
425,gazojak,42.104952453525954,62.45313810185803
426,bijar,35.58002906932714,47.784611874191086
427,muravlenko,62.78365571985586,73.96408472498572
428,doka,13.201967450015573,35.414724826171835
429,geraldton,-32.052189565910375,98.63895017208455
430,asyut,24.71448186363837,28.318879639784228
431,navapur,21.027553971692456,73.86054877057236
432,yerbogachen,60.19850237240948,106.28010601291885
433,shache,38.413460800435644,78.89833713355665
434,ust-uda,54.6247377776366,103.44998473168192
435,turukhansk,64.76327881625681,87.82324830688651
436,miraflores,0.9962633276496717,-71.4893160134948
437,jalu,27.72305070323125,21.87893884890903
438,san luis,-33.58741078613406,-66.64694899050866
439,valley city,47.18112085277622,-98.21373007706053
440,port lincoln,-44.660402257519344,128.9692330817433
441,amurzet,47.5380732155333,131.383169599768
442,harper,1.7517683704657685,-8.672924611073597
443,arman,58.787970444568515,147.16142271559528
444,laguna,-32.754957575863514,-40.32677630941146
445,hovd,46.48733836738404,102.79259494522995
446,tezu,32.661651964271286,96.86418503108757
447,karangampel,-6.143365267401876,108.84007286043175
448,oranjestad,13.910414309663693,-69.58418611870616
449,sibu,3.2171791462610315,110.71594332193854
450,jaca,42.627121194765635,-0.40839091992987164
451,zhigansk,69.57411723373303,123.99680184430423
452,palabuhanratu,-13.005342636646944,100.97077696315148
453,exu,-7.530905251527855,-39.68136979610554
454,mae sai,20.379837229280113,99.47256544444343
455,ivanovka,50.49921386362536,128.21557973459448
456,walvis bay,-24.26673648001048,8.63656132245498
457,carballo,45.65034162804139,-11.836069702719158
458,wulanhaote,47.145158951818814,121.41568548634842
459,temirtau,53.30428651893783,87.6622884864376
460,beaumont,45.65756885967289,3.027243663349253
461,tasiilaq,82.64844337071005,-38.03495312045334
462,saint-georges,6.748084069875958,-46.928501814186205
463,pascagoula,29.132245961084664,-88.15131842586499
464,nyurba,66.62905209006158,116.33438885606915
465,grand river south east,-22.495844149807567,68.54549788852097
466,mombetsu,44.47778545127366,143.36779671964013
467,tilichiki,60.785519443012305,165.40396666922885
468,premnitz,52.54128985656169,12.376003990560662
469,kemijarvi,68.39547912238072,27.279740738072576
470,waipawa,-48.286241374045794,178.89293208401193
471,kupang,-11.855214840843686,124.53785886764075
472,meulaboh,-2.603291035647189,88.9408248756746
473,kalabo,-15.783233816226158,22.10890125597635
474,yamada,39.36745041634518,142.61181740893522
475,mbandaka,0.13105646670989302,19.213062696010667
476,lake city,30.230305123097622,-82.57481155199672
477,toliary,-21.764910203409073,41.004882561145365
478,ossora,58.14847886779927,163.2354716125663
479,perove,44.91699855783804,34.04222805888145
480,gat,25.449885917767034,11.438775156631465
481,truth or consequences,32.74351927573338,-107.30518137823485
482,ndele,8.695925971880499,20.90205998210621
483,vila franca do campo,36.17250875777505,-22.582285191638164
484,soyo,-7.937697452704029,10.01045059768228
485,cockburn town,24.826001792140147,-69.01210236748636
486,rabo de peixe,42.455672086460254,-22.931197553312188
487,san lorenzo,1.014324676685547,-78.72029601517968
488,independence,37.60552275442457,-95.9004053002337
489,anaconda,46.53431990098781,-112.61576757493344
490,diamantino,-13.260691707975681,-56.31007601800245
491,kolokani,14.376602258704523,-8.213066970256676
492,sorvag,61.97477445577553,-7.288434097054676
493,constantine,37.52147969577169,6.288499011425301
494,ercis,39.452231824192665,43.65558654769387
495,presidencia roque saenz pena,-27.450041027861886,-61.44364986929966
496,flinders,-36.38522441738515,129.41704793258367
497,vestmannaeyjar,62.49394479968797,-19.942424464281913
498,bud,68.05377230456398,5.580596703317468
499,kununurra,-16.206112419579554,128.89121652848576
500,the valley,23.292602104062496,-60.34475198341937
501,prince rupert,53.5867661365005,-129.9168199274772
502,pokhara,31.792425081226426,86.04974998275702
503,baraki barak,33.9691669230306,68.61529204733438
504,aguimes,25.160443764437815,-14.957910434649335
505,nyagan,62.146580087758565,65.03598269770686
506,conway,34.194654426202646,-79.31258871335694
507,tarare,45.823998398430035,4.560708781138118
508,orange cove,37.65313392419408,-118.57872744003501
509,yangambi,1.1279340241857057,24.470411395676365
510,santa maria la alta,18.599754341297057,-97.69686699030481
511,kyra,49.031356573271324,112.8633726563977
512,roald,67.66957489840348,3.2719173908315895
513,west wendover,40.03453267094923,-114.84660297805615
514,allende,18.49159640940016,-94.33164751154929
515,kharp,68.15120398588934,65.74094315059617
516,batemans bay,-41.87516001983078,155.6224146323304
517,dunedin,-47.3475635838477,171.70698007691692
518,neiafu,-17.649195290170624,-175.52697844811297
519,slave lake,56.96345323801552,-115.44231836716344
520,tabuk,28.145311362519635,35.67760303040933
521,harriston,43.98407862263599,-80.93185268826909
522,florina,40.869995948031885,21.377648797517395
523,gayny,61.101782614723135,54.89850690146221
524,batangafo,7.071103026358998,17.879944688079547
525,mao,15.815667574772448,15.11219439759762
526,bosaso,13.049578414718098,47.607927168666066
527,mudanjiang,44.42112260316665,129.88716664374385
528,shitanjing,39.71534686236663,105.00475701307022
529,le port,-18.95344962640435,53.01395170095435
530,gambela,8.015223421852554,34.182667908483154
531,ixtapa,15.78253739058087,-102.73660545688134
532,abu samrah,22.360058287275734,51.158431975825835
533,rzeszow,50.21252993805342,22.046437046397415
534,kempsey,-31.139667218494374,152.50107057309327
535,diffa,15.800845727340345,13.192527417583989
536,saint-augustin,58.69125959423653,-60.9333958791735
537,inuvik,67.14064533090121,-134.16421813296688
538,hofn,60.167493433746245,-17.04303015241132
539,poronaysk,49.984074429654186,144.1306447588127
540,babu,24.387797157947062,112.00627111574335
541,belem,-6.656240909076104,-35.4211492449125
542,arona,24.543421160939943,-17.479807245474262
543,pimentel,-7.988578548057461,-82.60114623614623
544,huntsville,30.647038376082293,-95.28963570532034
545,buala,0.46436170089937434,162.7699163402557
546,padang,-0.4927448396505838,98.67430506806545
547,menongue,-15.277080940075166,16.93816410884881
548,fatehabad,29.314741138005957,75.34015255651215
549,iralaya,15.846093735779306,-82.25649386750787
550,monticello,33.632133327546484,-91.90997962104868
551,vanavara,61.59884113977819,104.87947090369278
552,broken hill,-28.95878689399732,142.168529988241
553,durango,43.03505149589651,-2.647649125500351
554,claremore,36.52299634145845,-95.41063643834589
555,kidal,19.17223533892988,3.6041223962895685
556,prainha,-0.5431221985223829,-53.8815806372442
557,vaitupu,-6.3953718020733135,-174.32336782582107
558,launceston,-41.16624847543873,151.07162215770438
559,canala,-21.666380284817265,166.037733698211
560,kodinar,20.480497825695878,70.54898817615558
561,russell,-30.789180462494535,176.55182142984535
562,utete,-8.812783765904769,38.553639781768226
563,camopi,1.8567977278130314,-52.91157295006566
564,sturgis,44.832955241732265,-102.97172923929051
565,sajanan,37.199501273348204,9.187219726329488
566,lithakia,36.96977369717493,20.46727003193098
567,kampong thum,13.64442921864618,105.0719794767071
568,surgut,61.98525820624883,73.55321689232227
569,santa rosa,-36.86975393126053,-65.21472680782158
570,orlik,51.99272052325995,99.45789151870764
571,sinjar,36.348195771982205,41.45352763789589
572,kushiro,42.58874844417605,144.55329746712994
573,marrakesh,30.669758199772048,-7.540542838020684
574,tres de maio,-27.885605131258146,-54.06582340227688
575,svetlogorsk,67.25964408320044,88.27938833695401
576,avera,-25.094532140845317,-153.71364495776825
577,panevezys,55.859153328512406,24.467283198380755
578,daniel flores,9.545791193116443,-83.60712522155904
579,general roca,-38.81932921591247,-67.31587965608811
580,belmonte,-15.614741630905442,-38.34393141565448
581,jumla,29.885969590071696,83.09371113911237
582,bokspits,-27.31175613337156,20.691470450837897
583,aloleng,15.852504242850046,115.99529214569253
584,magadi,-2.4503958001221946,36.08788272210512
585,olafsvik,64.00610173631253,-26.927605114256608
586,monterey,33.85898524979372,-123.92088689016286
587,butterworth,-32.19987414954959,28.263714274424046
588,port hedland,-24.768080474071724,122.81749668829929
589,luau,-10.218962093238446,22.31809290168539
590,kommunisticheskiy,61.95862404740683,64.41996364708848
591,peterhead,57.64147295275535,-1.0925154526242693
592,khudumelapye,-24.208740547985613,24.483950996925444
593,mogadishu,-0.20659752465546433,47.22297535239875
594,wangqing,43.43240125088735,129.62763948613053
595,pontianak,-0.9964239438752998,109.85136663986009
596,kargil,35.35709642059267,76.98895192707647
597,olinda,-8.834609304206452,-32.247134818054036
598,takoradi,-3.415653632378195,-0.08853116861689614
599,big rapids,43.719666563755,-85.86425254109048
600,mildura,-33.75790618864277,142.06043147699512
601,sulangan,12.57351335555542,130.5811742746722
602,college,66.44290976855814,-148.90668791856925
603,filadelfia,-21.356647010900375,-59.41246913444202
604,almaznyy,63.815324670676716,115.05994464623984
605,sataua,-6.97792376093561,-173.79585902642464
606,beaverlodge,53.91329646791604,-120.75907763917073
607,birao,10.928159524268082,22.838618026092718
