,City,Cloudiness,Country,Datetime,Humidity,Lat,Long,Max Temp,Wind Speed
0,Avarua,20,CK,06/22/2021,61,-21.2078,-159.775,80.65,5.75
1,Thompson,75,CA,06/22/2021,35,55.7435,-97.8558,69.8,9.22
2,Lyuban',34,BY,06/22/2021,94,52.7985,28.0048,65.73,7.63
3,Barrow,1,US,06/22/2021,65,71.2906,-156.7887,44.62,8.05
4,Berlevåg,100,NO,06/22/2021,90,70.8578,29.0864,44.13,19.35
5,Faya,0,SA,06/22/2021,13,18.3851,42.4509,70.32,8.57
6,Kpandu,98,GH,06/22/2021,92,6.9954,0.2931,72.64,4.25
7,Albany,100,US,06/22/2021,75,42.6001,-73.9662,59.9,10.25
8,Dingle,99,PH,06/22/2021,76,10.9995,122.6711,81.0,4.32
9,Lagoa,90,PT,06/22/2021,76,39.05,-27.9833,64.98,3.49
10,Tungor,98,RU,06/22/2021,76,53.3808,142.9564,59.72,10.02
11,Saint Paul Harbor,90,US,06/22/2021,93,57.79,-152.4072,50.0,11.5
12,Fonte Boa,54,BR,06/22/2021,95,-2.4959,-66.2662,73.24,1.54
13,Sitka,90,US,06/22/2021,71,57.0531,-135.33,55.4,4.61
14,Hobart,0,AU,06/22/2021,89,-42.8794,147.3294,47.12,5.01
15,Atuona,58,PF,06/22/2021,78,-9.8,-139.0333,77.92,7.31
16,Beloha,0,MG,06/22/2021,94,-25.1667,45.05,61.81,8.39
17,Nanortalik,67,GL,06/22/2021,91,60.1432,-45.2371,43.21,5.68
18,Punta Arenas,40,CL,06/22/2021,80,-53.15,-70.9167,37.42,5.75
19,Tiksi,97,RU,06/22/2021,61,71.6872,128.8694,49.01,10.4
20,Belyy Yar,75,RU,06/22/2021,100,53.6039,91.3903,55.29,2.24
21,Constitución,100,CL,06/22/2021,81,-35.3333,-72.4167,57.07,20.83
22,Dali,90,CN,06/22/2021,88,25.7,100.1833,65.95,3.31
23,Gejiu,100,CN,06/22/2021,84,23.306,103.1635,62.19,2.98
24,Busselton,94,AU,06/22/2021,100,-33.65,115.3333,46.0,9.24
25,Bengkulu,53,ID,06/22/2021,88,-3.8004,102.2655,74.77,5.88
26,Turbat,0,PK,06/22/2021,75,26.0023,63.044,81.88,3.33
27,Rikitea,46,PF,06/22/2021,76,-23.1203,-134.9692,75.72,11.3
28,Mataura,53,NZ,06/22/2021,88,-46.1927,168.8643,47.48,0.45
29,São Filipe,66,CV,06/22/2021,82,14.8961,-24.4956,73.4,5.93
30,Saint-Philippe,67,RE,06/22/2021,83,-21.3585,55.7679,63.99,13.09
31,Umaria,66,IN,06/22/2021,75,23.5333,80.8333,78.66,9.08
32,Vaini,75,TO,06/22/2021,83,-21.2,-175.2,77.16,8.05
33,Chokurdakh,21,RU,06/22/2021,24,70.6333,147.9167,76.24,7.36
34,Puerto Ayora,45,EC,06/22/2021,91,-0.7393,-90.3518,72.55,5.99
35,Port Elizabeth,42,ZA,06/22/2021,94,-33.918,25.5701,53.89,3.44
36,Mersing,40,MY,06/22/2021,88,2.4312,103.8405,75.2,3.44
37,Hilo,40,US,06/22/2021,71,19.7297,-155.09,82.26,9.22
38,Bluff,33,NZ,06/22/2021,69,-46.6,168.3333,47.8,6.62
39,Almansa,77,ES,06/22/2021,61,38.8692,-1.0971,63.64,2.28
40,Manokwari,95,ID,06/22/2021,71,-0.8667,134.0833,82.11,6.38
41,Upernavik,5,GL,06/22/2021,53,72.7868,-56.1549,45.21,8.57
42,Iqaluit,90,CA,06/22/2021,93,63.7506,-68.5145,35.33,10.36
43,Kathu,40,TH,06/22/2021,83,7.9178,98.3332,87.01,10.36
44,Myre,29,NO,06/22/2021,79,69.1036,15.9492,44.55,8.59
45,Esperance,90,AU,06/22/2021,100,-33.8667,121.9,51.8,21.85
46,Jamestown,40,US,06/22/2021,63,42.097,-79.2353,60.39,5.01
47,Carauari,79,BR,06/22/2021,92,-4.8828,-66.8958,73.44,2.01
48,Bethel,100,US,06/22/2021,91,41.3712,-73.414,61.92,4.27
49,Faanui,24,PF,06/22/2021,72,-16.4833,-151.75,80.15,6.13
50,Bairiki Village,30,KI,06/22/2021,71,1.3292,172.9752,82.94,7.25
51,Mahébourg,75,MU,06/22/2021,68,-20.4081,57.7,70.09,11.5
52,Hermanus,94,ZA,06/22/2021,79,-34.4187,19.2345,57.99,3.0
53,Touros,23,BR,06/22/2021,78,-5.1989,-35.4608,76.1,10.96
54,Lebu,100,CL,06/22/2021,86,-37.6167,-73.65,56.23,27.56
55,Ushuaia,40,AR,06/22/2021,56,-54.8,-68.3,42.46,5.75
56,Houma,1,US,06/22/2021,81,29.5958,-90.7195,86.0,3.44
57,Cape Town,20,ZA,06/22/2021,87,-33.9258,18.4232,60.89,5.01
58,Kapaa,20,US,06/22/2021,73,22.0752,-159.319,84.18,3.0
59,Pacific Grove,1,US,06/22/2021,56,36.6177,-121.9166,69.8,17.27
60,Nuristan,1,AF,06/22/2021,57,35.3,70.8333,40.48,8.77
61,Tuktoyaktuk,90,CA,06/22/2021,87,69.4541,-133.0374,39.2,8.05
62,Hofn,1,IS,06/22/2021,63,64.2539,-15.2082,49.21,14.07
63,Qaanaaq,85,GL,06/22/2021,56,77.484,-69.3632,42.1,8.79
64,Warrnambool,100,AU,06/22/2021,81,-38.3833,142.4833,53.82,19.95
65,Awjilah,0,LY,06/22/2021,26,29.1081,21.2869,86.52,4.43
66,Carnarvon,0,AU,06/22/2021,60,-24.8667,113.6333,46.47,8.05
67,Flers,90,FR,06/22/2021,87,48.7372,-0.5747,53.6,6.91
68,Alcains,54,PT,06/22/2021,73,39.9164,-7.4566,62.01,4.41
69,Castro,32,BR,06/22/2021,97,-24.7911,-50.0119,52.74,4.29
70,Kasongo-Lunda,100,CD,06/22/2021,47,-6.4667,16.8167,71.1,1.41
71,Paamiut,93,GL,06/22/2021,96,61.994,-49.6678,41.14,17.0
72,Dorogino,97,RU,06/22/2021,95,54.3598,83.3198,50.41,7.27
73,Iwaki,98,JP,06/22/2021,94,37.05,140.8833,75.78,5.64
74,Qaqortoq,54,GL,06/22/2021,87,60.7167,-46.0333,54.1,3.83
75,New Norfolk,100,AU,06/22/2021,91,-42.7826,147.0587,47.75,2.04
76,Bonthe,100,SL,06/22/2021,82,7.5264,-12.505,78.22,6.8
77,Pozo Colorado,100,PY,06/22/2021,79,-23.4923,-58.7972,62.85,3.91
78,Ypres,100,BE,06/22/2021,84,50.8511,2.8857,56.95,1.01
79,Murgab,0,TM,06/22/2021,43,37.4966,61.9714,73.27,6.91
80,Krasnosel'kup,100,RU,06/22/2021,91,65.7,82.4667,41.27,8.25
81,Bandarbeyla,97,SO,06/22/2021,79,9.4942,50.8122,77.23,22.41
82,Seryshevo,93,RU,06/22/2021,68,51.0933,128.3786,72.75,3.38
83,Oranjemund,17,NA,06/22/2021,97,-28.55,16.4333,56.32,2.51
84,Zhengjiatun,0,CN,06/22/2021,43,43.5064,123.5064,74.95,6.24
85,Port Alfred,57,ZA,06/22/2021,78,-33.5906,26.891,62.13,6.31
86,Sovetskiy,8,RU,06/22/2021,86,61.3614,63.5842,47.71,5.66
87,Saint-Pierre,52,RE,06/22/2021,68,-21.3393,55.4781,64.4,8.05
88,Plettenberg Bay,69,ZA,06/22/2021,82,-34.0527,23.3716,59.04,2.35
89,Shimoda,100,JP,06/22/2021,76,34.6667,138.95,73.76,13.13
90,Geraldton,90,AU,06/22/2021,93,-28.7667,114.6,46.81,6.91
91,Malartic,94,CA,06/22/2021,75,48.1335,-78.1328,53.71,3.49
92,East London,62,ZA,06/22/2021,72,-33.0153,27.9116,67.71,5.91
93,Turukhansk,100,RU,06/22/2021,93,65.8167,87.9833,42.15,10.45
94,Malanville,61,BJ,06/22/2021,71,11.8685,3.3899,81.01,4.41
95,Altay,97,CN,06/22/2021,80,47.8667,88.1167,49.82,2.28
96,Nemuro,20,JP,06/22/2021,77,43.3236,145.575,64.4,3.44
97,Sechura,39,PE,06/22/2021,73,-5.5569,-80.8222,70.5,17.72
98,Amahai,92,ID,06/22/2021,78,-3.3333,128.9167,80.71,2.19
99,Meulaboh,100,ID,06/22/2021,95,4.1363,96.1285,72.46,7.67
100,Pierre,1,US,06/22/2021,15,44.3683,-100.351,88.72,12.66
101,Esna,0,EG,06/22/2021,25,25.2934,32.554,86.0,4.61
102,Dickinson,75,US,06/22/2021,71,29.4608,-95.0513,89.87,1.01
103,Thurso,98,GB,06/22/2021,67,58.5927,-3.5259,53.85,5.14
104,Shingū,100,JP,06/22/2021,80,33.7333,135.9833,74.91,9.06
105,San Policarpo,100,PH,06/22/2021,75,12.1791,125.5072,82.06,2.93
106,Paita,38,PE,06/22/2021,85,-5.0892,-81.1144,67.98,15.32
107,Isangel,75,VU,06/22/2021,73,-19.55,169.2667,77.0,9.22
108,Yarkovo,96,RU,06/22/2021,81,57.4028,67.0786,49.68,6.55
109,Dudinka,100,RU,06/22/2021,80,69.4058,86.1778,42.06,13.42
110,Hong Kong,100,HK,06/22/2021,88,22.2855,114.1577,83.32,1.01
111,Sangar,81,RU,06/22/2021,36,63.9242,127.4739,72.66,5.55
112,Tasiilaq,17,GL,06/22/2021,74,65.6145,-37.6368,41.16,4.03
113,Itarema,77,BR,06/22/2021,75,-2.9248,-39.9167,79.12,13.82
114,Road Town,40,VG,06/22/2021,74,18.4167,-64.6167,81.19,11.5
115,Dolores,44,AR,06/22/2021,95,-36.3132,-57.6792,47.26,7.56
116,Uchiza,76,PE,06/22/2021,94,-8.4592,-76.4633,70.12,2.66
117,Shemonaīkha,100,KZ,06/22/2021,93,50.6328,81.9056,49.75,5.14
118,Khovd,69,MN,06/22/2021,36,48.0056,91.6419,61.05,8.93
119,Ishigaki,75,JP,06/22/2021,89,24.3448,124.1572,82.53,5.75
120,Saskylakh,73,RU,06/22/2021,61,71.9167,114.0833,53.87,12.95
121,Bijela,0,BA,06/22/2021,67,43.6086,17.9519,66.9,1.66
122,Port Moresby,32,PG,06/22/2021,70,-9.4431,147.1797,81.41,4.09
123,Longyearbyen,75,SJ,06/22/2021,75,78.2186,15.6401,39.04,10.36
124,Aksarka,46,RU,06/22/2021,59,66.5606,67.7975,46.4,11.97
125,Bredasdorp,86,ZA,06/22/2021,72,-34.5322,20.0403,57.2,2.3
126,Severo-Kuril'sk,72,RU,06/22/2021,84,50.6789,156.125,46.94,6.2
127,Yellowknife,20,CA,06/22/2021,42,62.456,-114.3525,63.12,18.41
128,Zhigansk,58,RU,06/22/2021,46,66.7697,123.3711,77.07,2.98
129,Umm Kaddadah,100,SD,06/22/2021,38,13.6017,26.6876,85.26,16.73
130,Santa Maria,75,BR,06/22/2021,100,-29.6842,-53.8069,54.7,8.05
131,Arraial do Cabo,89,BR,06/22/2021,78,-22.9661,-42.0278,70.75,19.19
132,Leningradskiy,83,RU,06/22/2021,61,69.3833,178.4167,46.74,11.16
133,Bathsheba,40,BB,06/22/2021,73,13.2167,-59.5167,79.41,19.57
134,Northam,16,GB,06/22/2021,82,51.0333,-4.2167,55.62,8.32
135,Los Llanos de Aridane,75,ES,06/22/2021,73,28.6585,-17.9182,69.8,14.97
136,Hartselle,0,US,06/22/2021,73,34.4434,-86.9353,78.04,6.08
137,Butaritari,29,KI,06/22/2021,69,3.0707,172.7902,83.12,7.52
138,Hambantota,98,LK,06/22/2021,81,6.1241,81.1185,79.38,14.45
139,Yarke Pole,12,UA,06/22/2021,91,45.608,34.3172,66.4,6.64
140,Maniitsoq,4,GL,06/22/2021,69,65.4167,-52.9,45.59,12.37
141,Peniche,14,PT,06/22/2021,86,39.3558,-9.3811,62.73,21.88
142,Mercedes,11,AR,06/22/2021,78,-34.6515,-59.4307,54.0,3.0
143,Zhezkazgan,60,KZ,06/22/2021,46,47.8043,67.7144,60.19,7.27
144,Bereda,82,ES,06/22/2021,100,43.2686,-7.5406,55.0,3.69
145,Souillac,75,MU,06/22/2021,68,-20.5167,57.5167,70.18,11.5
146,Port Lincoln,29,AU,06/22/2021,72,-34.7333,135.8667,52.97,21.34
147,Forestville,1,US,06/22/2021,74,38.8451,-76.875,68.25,6.91
148,Hithadhoo,99,MV,06/22/2021,67,-0.6,73.0833,82.13,4.41
149,Parrita,75,CR,06/22/2021,88,9.5201,-84.3225,69.8,2.59
150,Benjamin Constant,76,BR,06/22/2021,96,-4.3831,-70.0311,72.55,2.39
151,College,40,US,06/22/2021,36,64.8569,-147.8028,80.01,5.75
152,Paldiski,31,EE,06/22/2021,88,59.3567,24.0531,71.85,4.97
153,Envira,42,BR,06/22/2021,69,-7.3,-70.2167,76.08,2.08
154,Haverfordwest,25,GB,06/22/2021,87,51.8017,-4.9691,55.54,7.65
155,Caravelas,60,BR,06/22/2021,81,-17.7125,-39.2481,71.08,4.63
156,Kaitangata,26,NZ,06/22/2021,63,-46.2817,169.8464,50.94,3.49
157,Solon,40,US,06/22/2021,48,41.3898,-81.4412,62.01,4.61
158,Sibolga,100,ID,06/22/2021,86,1.7427,98.7792,73.53,2.91
159,Jalu,0,LY,06/22/2021,28,29.0331,21.5482,85.84,3.31
160,Ibipeba,56,BR,06/22/2021,76,-11.6408,-42.0111,70.07,7.16
161,Kemijärvi,71,FI,06/22/2021,95,66.7131,27.4306,48.29,8.88
162,Mar del Plata,75,AR,06/22/2021,60,-38.0023,-57.5575,54.12,11.99
163,Nikolskoye,0,RU,06/22/2021,73,59.7035,30.7861,73.4,6.71
164,Vila Velha,75,BR,06/22/2021,78,-20.3297,-40.2925,71.55,8.05
165,Pangkalanbuun,70,ID,06/22/2021,93,-2.6833,111.6167,76.44,2.75
166,Provideniya,0,RU,06/22/2021,62,64.3833,-173.3,50.11,11.18
167,Caçu,33,BR,06/22/2021,44,-18.5567,-51.1308,74.21,4.29
168,Santa Cruz de la Sierra,75,BO,06/22/2021,88,-17.8,-63.1667,65.66,16.11
169,Portalegre,37,PT,06/22/2021,61,39.2938,-7.4312,58.93,4.85
170,Pevek,98,RU,06/22/2021,75,69.7008,170.3133,38.68,4.25
171,Cambará,64,BR,06/22/2021,88,-23.0464,-50.0736,62.1,4.88
172,Upala,75,CR,06/22/2021,83,10.8979,-85.0145,78.8,3.44
173,Vao,60,NC,06/22/2021,68,-22.6667,167.4833,69.04,20.13
174,Beira,6,MZ,06/22/2021,85,-19.8436,34.8389,66.43,1.66
175,Campos dos Goytacazes,37,BR,06/22/2021,91,-21.75,-41.3,64.4,5.21
176,Iwanai,4,JP,06/22/2021,50,42.9744,140.5089,72.23,3.4
177,Knysna,71,ZA,06/22/2021,82,-34.0363,23.0471,55.78,0.76
178,Agirish,6,RU,06/22/2021,90,61.9247,63.0231,46.44,5.57
179,Teeli,53,RU,06/22/2021,67,51.0333,90.2333,55.6,2.04
180,Eureka,67,US,06/22/2021,70,40.8021,-124.1637,75.67,5.99
181,Coyhaique,0,CL,06/22/2021,100,-45.5752,-72.0662,30.15,0.0
182,Hutchinson,1,US,06/22/2021,26,38.0608,-97.9298,86.0,21.85
183,Hope,0,US,06/22/2021,57,33.6671,-93.5916,82.45,5.57
184,Batasan,100,PH,06/22/2021,75,12.7667,120.7833,82.31,2.33
185,Palora,65,EC,06/22/2021,96,-1.7,-77.9333,65.55,1.12
186,Adrar,13,MR,06/22/2021,16,20.5022,-10.0711,89.08,17.83
187,Saint Anthony,1,US,06/22/2021,32,45.0205,-93.218,76.96,1.99
188,Gamba,100,GA,06/22/2021,88,-2.65,10.0,73.58,4.05
189,Luan,98,CH,06/22/2021,91,46.3592,6.9759,54.91,1.99
190,Husavik,100,IS,06/22/2021,96,66.0449,-17.3389,46.31,16.51
191,Payao,85,PH,06/22/2021,73,10.1833,122.95,82.09,1.05
192,Kaeo,2,NZ,06/22/2021,60,-35.1,173.7833,62.33,7.43
193,North Battleford,20,CA,06/22/2021,39,52.7834,-108.2847,82.49,12.66
194,Chui,62,UY,06/22/2021,85,-33.6971,-53.4616,54.05,9.17
195,Manaure,93,CO,06/22/2021,70,11.7751,-72.4445,82.53,21.0
196,Mufumbwe,48,ZM,06/22/2021,58,-13.6833,24.8,49.8,4.76
197,Najrān,0,SA,06/22/2021,17,17.4924,44.1277,82.4,4.07
198,Egvekinot,100,RU,06/22/2021,54,66.3167,-179.1667,47.88,4.99
199,Narsaq,38,GL,06/22/2021,85,60.9167,-46.05,53.82,2.06
200,Rock Sound,2,BS,06/22/2021,82,24.9,-76.2,81.37,15.35
201,Airai,22,TL,06/22/2021,80,-8.9266,125.4092,65.7,1.21
202,Tumut,100,AU,06/22/2021,74,-35.3,148.2167,53.62,2.77
203,Laguna,1,US,06/22/2021,43,38.421,-121.4238,94.44,5.99
204,Rio Pomba,23,BR,06/22/2021,93,-21.2747,-43.1792,61.74,2.44
205,Beidao,99,CN,06/22/2021,57,34.5686,105.8933,75.43,6.11
206,Sharan,50,RU,06/22/2021,83,54.8167,54.0,68.5,5.1
207,Chitral,0,PK,06/22/2021,45,35.8462,71.7858,68.54,3.67
208,Nhulunbuy,75,AU,06/22/2021,74,-12.2333,136.7667,81.21,14.97
209,Waddān,0,LY,06/22/2021,24,29.1614,16.139,87.31,12.8
210,Namtsy,69,RU,06/22/2021,35,62.7161,129.6658,69.91,6.4
211,Rawson,100,AR,06/22/2021,80,-43.3002,-65.1023,51.19,15.77
212,Talnakh,86,RU,06/22/2021,71,69.4865,88.3972,44.87,15.68
213,Pangnirtung,100,CA,06/22/2021,35,66.1451,-65.7125,56.21,15.66
214,Roebourne,62,AU,06/22/2021,49,-20.7833,117.1333,57.76,16.02
215,Ribeira Grande,99,PT,06/22/2021,71,38.5167,-28.7,67.24,1.5
216,Ahipara,79,NZ,06/22/2021,61,-35.1667,173.1667,59.68,6.67
217,Sinnamary,19,GF,06/22/2021,84,5.3833,-52.95,78.39,8.63
218,Goderich,37,CA,06/22/2021,54,43.7501,-81.7165,58.03,3.44
219,Dikson,100,RU,06/22/2021,86,73.5069,80.5464,31.86,15.93
220,Savannakhet,75,LA,06/22/2021,78,16.566,104.751,82.42,2.3
221,São João da Barra,44,BR,06/22/2021,84,-21.6403,-41.0511,67.8,10.38
222,Santo Domingo,100,DO,06/22/2021,86,18.5001,-69.9886,80.04,1.99
223,Manggar,100,ID,06/22/2021,81,-2.8833,108.2667,80.78,5.64
224,Goundi,100,TD,06/22/2021,92,9.3627,17.366,72.46,2.98
225,Ilulissat,0,GL,06/22/2021,46,69.2167,-51.1,48.2,1.14
226,Phalaborwa,0,ZA,06/22/2021,57,-23.943,31.1411,61.88,3.38
227,Codrington,100,AU,06/22/2021,83,-38.2667,141.9667,52.92,17.22
228,Kirovskiy,10,RU,06/22/2021,69,45.0917,133.5136,69.35,1.81
229,Puerto Cabezas,100,NI,06/22/2021,86,14.0351,-83.3888,79.5,12.1
230,Lüderitz,3,NA,06/22/2021,92,-26.6481,15.1594,57.31,8.77
231,Cherskiy,47,RU,06/22/2021,36,68.75,161.3,69.44,6.17
232,Hare Bay,39,CA,06/22/2021,73,48.8499,-54.0148,70.95,9.33
233,Omutninsk,29,RU,06/22/2021,79,58.67,52.1932,64.2,4.7
234,Tual,87,ID,06/22/2021,75,-5.6667,132.75,81.75,8.41
235,Necochea,80,AR,06/22/2021,80,-38.5473,-58.7368,46.04,11.45
236,Haines Junction,43,CA,06/22/2021,40,60.7522,-137.5108,67.95,4.61
237,Mount Gambier,75,AU,06/22/2021,100,-37.8333,140.7667,51.71,18.41
238,Letlhakeng,0,BW,06/22/2021,53,-24.0944,25.0298,50.36,2.71
239,San Patricio,36,US,06/22/2021,62,28.017,-97.5169,87.89,11.43
240,Priboj,0,BA,06/22/2021,72,44.6028,18.9314,70.99,4.7
241,Khatanga,50,RU,06/22/2021,59,71.9667,102.5,54.03,17.58
242,Kiunga,100,PG,06/22/2021,94,-6.1219,141.2906,76.87,2.46
243,Warah,4,PK,06/22/2021,41,27.4481,67.7978,93.36,10.27
244,Pimenta Bueno,40,BR,06/22/2021,60,-11.6725,-61.1936,76.68,3.51
245,Tilichiki,43,RU,06/22/2021,48,60.4667,166.1,62.91,5.08
246,Toguchin,100,RU,06/22/2021,98,55.2353,84.3858,47.7,10.67
247,Grindavik,0,IS,06/22/2021,93,63.8424,-22.4338,48.15,10.36
248,Ossora,10,RU,06/22/2021,51,59.2353,163.0719,59.14,4.79
249,Kavieng,14,PG,06/22/2021,70,-2.5744,150.7967,83.95,8.93
250,Esim,100,GH,06/22/2021,83,4.8699,-2.2405,77.77,8.77
251,Westport,40,US,06/22/2021,91,41.1415,-73.3579,64.18,5.01
252,Ancud,100,CL,06/22/2021,92,-41.8697,-73.8203,45.43,10.31
253,Nome,20,US,06/22/2021,71,64.5011,-165.4064,69.17,5.75
254,Camapuã,82,BR,06/22/2021,57,-19.5314,-54.0439,74.61,5.77
255,Kostanay,23,KZ,06/22/2021,95,53.1667,63.5833,62.08,8.63
256,Kirkenær,100,NO,06/22/2021,79,60.4564,12.0582,54.45,3.29
257,Omboué,100,GA,06/22/2021,84,-1.5746,9.2618,74.43,5.61
258,Lakes Entrance,100,AU,06/22/2021,71,-37.8811,147.981,57.58,8.23
259,Nouakchott,46,MR,06/22/2021,73,18.0858,-15.9785,84.13,12.17
260,Finote Selam,69,ET,06/22/2021,91,10.7,37.2667,57.58,2.62
261,Matagami,75,CA,06/22/2021,66,49.7502,-77.6328,51.8,4.07
262,Cocobeach,40,GA,06/22/2021,94,1.0002,9.5823,75.2,4.61
263,George Town,20,MY,06/22/2021,94,5.4112,100.3354,75.99,3.44
264,Suleja,91,NG,06/22/2021,92,9.1758,7.1808,70.27,1.61
265,Torbay,75,CA,06/22/2021,81,47.6666,-52.7314,66.97,10.36
266,Saldanha,100,ZA,06/22/2021,84,-33.0117,17.9442,55.45,7.78
267,Taysan,100,PH,06/22/2021,78,13.8697,121.0971,81.63,2.62
268,Buchanan,100,LR,06/22/2021,82,5.8808,-10.0467,76.96,6.58
269,High Level,75,CA,06/22/2021,88,58.5169,-117.136,57.31,4.61
270,Griffith,75,US,06/22/2021,46,41.5284,-87.4237,73.35,1.99
271,Innisfail,98,AU,06/22/2021,81,-17.5333,146.0333,73.87,7.96
272,Fayaoué,32,NC,06/22/2021,64,-20.65,166.5333,73.09,21.9
273,Bafoulabé,99,ML,06/22/2021,58,13.8065,-10.8321,80.58,9.37
274,Ţahţā,0,EG,06/22/2021,30,26.7693,31.5021,84.2,11.5
275,Boyolangu,61,ID,06/22/2021,91,-8.1181,111.8935,75.96,1.21
276,Vestmannaeyjar,100,IS,06/22/2021,77,63.4427,-20.2734,48.04,10.71
277,Mehamn,100,NO,06/22/2021,89,71.0357,27.8492,43.86,17.0
278,Montevideo,0,UY,06/22/2021,76,-34.8335,-56.1674,54.0,8.05
279,Antananarivo,75,MG,06/22/2021,87,-18.9137,47.5361,51.76,5.75
280,Te Anau,44,NZ,06/22/2021,76,-45.4167,167.7167,44.44,1.28
281,Tomatlán,84,MX,06/22/2021,76,19.9333,-105.25,81.19,9.06
282,Kimberley,15,ZA,06/22/2021,53,-28.7323,24.7623,49.69,8.05
283,Lianran,100,CN,06/22/2021,89,24.9227,102.485,64.94,2.24
284,Puerto del Rosario,14,ES,06/22/2021,73,28.5004,-13.8627,67.75,12.66
285,Kidodi,85,TZ,06/22/2021,74,-7.6036,37.0044,69.64,0.92
286,Mana,10,GF,06/22/2021,85,5.6592,-53.7767,78.17,8.55
287,Camocim,25,BR,06/22/2021,80,-2.9022,-40.8411,78.03,11.68
288,Nouadhibou,0,MR,06/22/2021,73,20.931,-17.0347,71.58,17.27
289,Khingansk,14,RU,06/22/2021,55,49.1167,131.1833,70.25,5.91
290,Key West,75,US,06/22/2021,81,24.5557,-81.7826,86.0,8.05
291,Coos Bay,90,US,06/22/2021,89,43.3665,-124.2179,67.32,9.22
292,Kolondiéba,100,ML,06/22/2021,74,11.0882,-6.8926,73.83,4.25
293,Pochutla,62,MX,06/22/2021,74,15.7432,-96.4661,85.82,2.8
294,Tazovsky,100,RU,06/22/2021,93,67.4667,78.7,37.8,15.17
295,Keflavik,0,IS,06/22/2021,93,64.0049,-22.5624,48.11,10.36
296,Puerto Escondido,89,MX,06/22/2021,74,15.85,-97.0667,84.04,3.71
297,Ostrovnoy,74,RU,06/22/2021,91,68.0531,39.5131,61.97,8.75
298,Flinders,99,AU,06/22/2021,78,-34.5833,150.8552,61.05,3.0
299,Marawi,59,PH,06/22/2021,75,7.9986,124.2928,73.65,0.83
300,Lavrentiya,37,RU,06/22/2021,68,65.5833,-171.0,51.04,2.53
301,Tiarei,11,PF,06/22/2021,77,-17.5333,-149.3333,84.22,3.91
302,Rocha,43,UY,06/22/2021,95,-34.4833,-54.3333,48.9,6.87
303,Pilar,2,BR,06/22/2021,92,-9.5972,-35.9567,73.33,1.95
304,Aquiraz,40,BR,06/22/2021,78,-3.9014,-38.3911,81.18,8.99
305,Margate,100,GB,06/22/2021,74,51.3813,1.3862,55.99,4.0
306,Galesong,12,ID,06/22/2021,79,-5.3166,119.3661,75.22,5.01
307,Bafra,58,TR,06/22/2021,86,41.5678,35.9069,67.78,2.06
308,Svetlaya,9,RU,06/22/2021,61,46.5389,138.3297,67.12,8.25
309,Nurota,0,UZ,06/22/2021,28,40.5614,65.6886,64.49,11.81
310,Predejane,0,RS,06/22/2021,78,42.8294,22.1311,73.4,2.3
311,Weihai,0,CN,06/22/2021,68,37.5017,122.1136,70.68,4.72
312,Broome,75,US,06/22/2021,66,42.2506,-75.833,58.66,1.01
313,Honningsvåg,100,NO,06/22/2021,88,70.9821,25.9704,43.97,15.43
314,Clyde River,90,CA,06/22/2021,100,70.4692,-68.5914,33.8,13.8
315,Guangyuan,100,CN,06/22/2021,79,32.442,105.823,75.87,1.48
316,Hamilton,1,US,06/22/2021,47,39.1834,-84.5333,69.75,4.61
317,Oruzgan,0,AF,06/22/2021,12,32.8333,66.0,67.06,6.04
318,Dunedin,37,NZ,06/22/2021,54,-45.8742,170.5036,49.8,5.01
319,Porto Torres,0,IT,06/22/2021,94,40.835,8.3972,66.2,2.3
320,Tinaquillo,58,VE,06/22/2021,97,9.9186,-68.3047,70.27,1.25
321,Agüimes,40,ES,06/22/2021,70,27.9054,-15.4461,67.86,19.57
322,Nelson Bay,98,AU,06/22/2021,93,-32.7167,152.15,58.28,9.75
323,Metu,93,ET,06/22/2021,98,8.3,35.5833,56.95,1.95
324,Comodoro Rivadavia,75,AR,06/22/2021,87,-45.8667,-67.5,42.66,8.05
325,Healdsburg,1,US,06/22/2021,55,38.6105,-122.8692,84.52,1.01
326,Aksu,72,CN,06/22/2021,43,41.1231,80.2644,68.32,7.07
327,Mae Sai,99,TH,06/22/2021,94,20.4335,99.8762,78.44,0.76
328,Timiryazevskiy,100,RU,06/22/2021,93,56.49,84.8769,51.01,6.22
329,Bozdar Wada,15,PK,06/22/2021,54,27.1828,68.636,89.56,12.3
330,Opuwo,2,NA,06/22/2021,38,-18.0607,13.84,56.89,8.08
331,Norman Wells,75,CA,06/22/2021,45,65.282,-126.8329,66.2,23.02
332,Saint George,1,US,06/22/2021,10,37.1041,-113.5841,102.67,13.0
333,Srednekolymsk,98,RU,06/22/2021,33,67.45,153.6833,72.55,3.4
334,Aripuanã,44,BR,06/22/2021,60,-9.1667,-60.6333,77.29,1.97
335,Kongolo,58,CD,06/22/2021,53,-5.3833,27.0,71.44,2.3
336,Whitianga,18,NZ,06/22/2021,61,-36.8333,175.7,59.02,6.42
337,Cidreira,11,BR,06/22/2021,90,-30.1811,-50.2056,60.46,10.83
338,Port Hardy,40,CA,06/22/2021,77,50.6996,-127.4199,59.18,16.11
339,Quatre Cocos,70,MU,06/22/2021,66,-20.2078,57.7625,69.91,16.71
340,Mayo,20,US,06/22/2021,82,38.8876,-76.5119,69.13,1.01
341,Sabang,100,ID,06/22/2021,68,5.8933,95.3214,81.09,23.0
342,Flagstaff,20,US,06/22/2021,18,35.1981,-111.6513,89.33,5.99
343,Wamba,86,NG,06/22/2021,94,8.9333,8.6,68.45,1.28
344,Taltal,100,CL,06/22/2021,81,-25.4,-70.4833,57.4,2.57
345,Klaksvík,90,FO,06/22/2021,100,62.2266,-6.589,46.4,8.05
346,Kulykiv,10,UA,06/22/2021,84,50.3142,24.8176,72.0,3.0
347,Şebinkarahisar,13,TR,06/22/2021,85,40.2883,38.4236,54.16,1.23
348,Udachny,46,RU,06/22/2021,50,66.4167,112.4,74.37,13.56
349,Washington,41,US,06/22/2021,23,47.5001,-120.5015,95.4,7.02
350,Coahuayana Viejo,85,MX,06/22/2021,80,18.7333,-103.6833,87.28,3.83
351,Hirado,9,JP,06/22/2021,79,33.3597,129.5531,77.4,14.72
352,Fortuna,20,US,06/22/2021,77,40.5982,-124.1573,66.0,12.66
353,Palmer,75,US,06/22/2021,84,42.1584,-72.3287,63.37,1.01
354,Camacha,75,PT,06/22/2021,72,33.0833,-16.3333,65.53,10.36
355,Mānsa,0,IN,06/22/2021,29,29.9833,75.3833,91.78,5.28
356,Sobolevo,33,RU,06/22/2021,94,54.4299,31.8996,68.16,5.48
357,Lakselv,90,NO,06/22/2021,71,70.0513,24.9718,48.02,11.5
358,Guerrero Negro,14,MX,06/22/2021,66,27.9769,-114.0611,72.7,14.54
359,Ponta do Sol,69,PT,06/22/2021,68,32.6667,-17.1,69.71,5.86
360,Masunga,10,BW,06/22/2021,63,-20.6246,27.4488,50.5,7.07
361,Hasaki,100,JP,06/22/2021,84,35.7333,140.8333,73.8,12.93
362,Broken Hill,100,AU,06/22/2021,83,-31.95,141.4333,54.03,17.38
363,Chupa,100,RU,06/22/2021,97,66.27,33.0549,61.09,7.18
364,Alofi,75,NU,06/22/2021,69,-19.0595,-169.9187,78.69,8.05
365,Kavaratti,100,IN,06/22/2021,75,10.5669,72.642,82.85,17.78
366,Porto Walter,81,BR,06/22/2021,66,-8.2686,-72.7439,78.19,1.32
367,Vila Franca do Campo,95,PT,06/22/2021,84,37.7167,-25.4333,64.81,4.88
368,Gorontalo,74,ID,06/22/2021,81,0.5412,123.0595,79.93,0.72
369,Bend,20,US,06/22/2021,26,44.0582,-121.3153,87.66,3.0
370,Liverpool,2,GB,06/22/2021,77,53.4106,-2.9779,55.35,1.01
371,Lusambo,100,CD,06/22/2021,63,-4.9667,23.45,68.4,0.74
372,Gijang,75,KR,06/22/2021,68,35.2442,129.2139,71.6,6.91
373,Ambilobe,0,MG,06/22/2021,81,-13.2,49.05,62.67,3.96
374,Baturaja,74,ID,06/22/2021,95,-4.1333,104.1667,72.54,1.63
375,Mossamedes,23,AO,06/22/2021,87,-15.1961,12.1522,67.51,1.74
376,Bambous Virieux,75,MU,06/22/2021,68,-20.3428,57.7575,70.05,11.5
377,Kalmunai,100,LK,06/22/2021,84,7.4167,81.8167,77.79,8.93
378,Ayan,49,RU,06/22/2021,86,56.45,138.1667,46.96,14.03
379,Baie-Comeau,75,CA,06/22/2021,67,49.2168,-68.1489,56.88,4.61
380,Benemérito de las Américas,33,MX,06/22/2021,66,16.5167,-90.6439,86.77,2.57
381,Oeiras do Pará,81,BR,06/22/2021,81,-2.0031,-49.8544,76.6,3.22
382,Yulara,40,AU,06/22/2021,100,-25.2406,130.9889,49.84,5.75
383,Lata,58,PT,06/22/2021,93,40.1629,-8.3327,59.81,2.08
384,Namatanai,26,PG,06/22/2021,68,-3.6667,152.4333,84.7,3.24
385,Yerbogachën,98,RU,06/22/2021,71,61.2767,108.0108,66.11,3.29
386,Jijiga,56,ET,06/22/2021,73,9.35,42.8,62.65,16.42
387,Linda,1,US,06/22/2021,27,39.1277,-121.5508,89.01,6.91
388,San Miguel de Tucumán,22,AR,06/22/2021,68,-26.8241,-65.2226,53.51,2.98
389,Darhan,75,MN,06/22/2021,86,49.4867,105.9228,61.63,3.06
390,Tari,59,NG,06/22/2021,64,12.4086,4.4914,82.6,6.89
391,Ust-Tsilma,90,RU,06/22/2021,75,65.441,52.1498,54.48,6.17
392,Pisco,90,PE,06/22/2021,72,-13.7,-76.2167,65.01,6.91
393,Cairns,40,AU,06/22/2021,72,-16.9167,145.7667,79.07,13.8
394,Engenheiro Beltrão,39,BR,06/22/2021,96,-23.7972,-52.2692,69.1,3.22
395,Vardø,96,NO,06/22/2021,89,70.3705,31.1107,44.74,22.01
396,Zemio,100,CF,06/22/2021,99,5.0314,25.1361,67.71,3.85
397,Tarusa,4,RU,06/22/2021,86,54.7233,37.1767,59.56,2.89
398,Dandong,6,CN,06/22/2021,72,40.1292,124.3947,70.32,1.61
399,São Francisco do Sul,75,BR,06/22/2021,100,-26.2433,-48.6381,63.1,1.14
400,Oranjestad,20,AW,06/22/2021,80,12.524,-70.027,82.35,5.99
401,Belmonte,7,BR,06/22/2021,82,-15.8631,-38.8828,73.9,7.45
402,Bilma,32,NE,06/22/2021,23,18.6853,12.9164,88.66,8.5
403,Kawalu,91,ID,06/22/2021,95,-7.3817,108.2082,72.61,0.25
404,Omsukchan,100,RU,06/22/2021,45,62.5333,155.8,58.78,3.58
405,Morondava,3,MG,06/22/2021,62,-20.2833,44.2833,67.23,6.87
406,Atar,34,MR,06/22/2021,18,20.5169,-13.0499,89.98,13.18
407,Umm Hājar,99,TD,06/22/2021,43,13.2954,19.6966,85.01,11.79
408,Half Moon Bay,20,US,06/22/2021,63,37.4636,-122.4286,82.58,1.01
409,San Cristobal,40,VE,06/22/2021,73,7.7669,-72.225,78.8,4.61
410,Marzuq,88,YE,06/22/2021,38,14.4,46.4667,80.2,6.35
411,Strezhevoy,82,RU,06/22/2021,71,60.7333,77.5889,49.98,5.37
412,Nizwá,30,OM,06/22/2021,39,22.9333,57.5333,84.25,1.43
413,Canavieiras,7,BR,06/22/2021,87,-15.675,-38.9472,70.88,4.83
414,Padang,100,ID,06/22/2021,85,-0.9492,100.3543,73.45,5.84
415,Yumen,100,CN,06/22/2021,56,40.2833,97.2,65.68,17.05
416,Antalaha,62,MG,06/22/2021,82,-14.9003,50.2788,69.03,7.36
417,Smithers,20,CA,06/22/2021,31,54.7804,-127.1743,75.52,6.91
418,Chandrakona,84,IN,06/22/2021,80,22.7333,87.5167,81.75,5.44
419,Olafsvik,7,IS,06/22/2021,78,64.8945,-23.7142,46.4,11.77
420,Naze,40,JP,06/22/2021,74,28.3667,129.4833,82.4,16.11
421,Isla Mujeres,87,MX,06/22/2021,84,21.2311,-86.731,84.25,12.03
422,Saurimo,97,AO,06/22/2021,45,-9.6608,20.3916,57.43,4.92
423,Bubaque,82,GW,06/22/2021,76,11.2833,-15.8333,79.95,10.11
424,Burevestnik,0,RU,06/22/2021,100,56.144,43.7883,65.95,2.24
425,Matara,83,LK,06/22/2021,89,5.9485,80.5353,77.07,7.67
426,Ust-Kuyga,1,RU,06/22/2021,30,70.0167,135.6,75.36,7.65
427,Largu,26,RO,06/22/2021,87,44.9667,27.15,68.99,1.57
428,Tangzhai,21,CN,06/22/2021,45,34.4328,116.5911,84.88,4.27
429,Birin,94,NP,06/22/2021,89,26.8865,88.0718,64.49,3.15
430,Miramar,52,US,06/22/2021,75,25.9873,-80.2323,86.02,4.0
431,Kodinsk,45,RU,06/22/2021,58,58.6881,99.1844,60.08,4.94
432,Kahului,40,US,06/22/2021,68,20.8947,-156.47,83.97,20.71
433,Peruíbe,73,BR,06/22/2021,92,-24.32,-46.9983,62.82,3.22
434,Shache,80,CN,06/22/2021,22,38.4167,77.2406,70.68,12.06
435,Lompoc,1,US,06/22/2021,67,34.6391,-120.4579,78.94,5.01
436,Batagay-Alyta,92,RU,06/22/2021,31,67.8006,130.4114,73.4,2.3
437,Terrace,75,CA,06/22/2021,38,54.5163,-128.6035,76.91,6.91
438,Luwuk,16,ID,06/22/2021,76,-0.9516,122.7875,80.89,2.66
439,Tepeapulco,90,MX,06/22/2021,77,19.7833,-98.55,62.6,10.36
440,Joshīmath,16,IN,06/22/2021,75,30.5667,79.5667,64.87,3.76
441,Barra de Tecoanapa,95,MX,06/22/2021,72,16.5167,-98.75,84.49,6.42
442,Stromness,90,GB,06/22/2021,87,58.965,-3.296,51.8,4.61
443,Östersund,75,SE,06/22/2021,87,63.1792,14.6357,50.45,5.75
444,St. George's,20,GD,06/22/2021,78,12.0564,-61.7485,78.48,11.5
445,Koulikoro,100,ML,06/22/2021,50,14.0,-7.75,83.68,5.5
446,Muli,81,MV,06/22/2021,73,2.9167,73.5667,82.67,11.36
447,Hojāi,91,IN,06/22/2021,92,26.0,92.8667,77.74,2.17
448,Kapit,99,MY,06/22/2021,96,2.0167,112.9333,75.15,1.12
449,Port Blair,90,IN,06/22/2021,94,11.6667,92.75,77.04,11.5
450,Puga,90,MX,06/22/2021,100,21.5833,-104.8167,73.4,6.13
451,Cabo San Lucas,1,MX,06/22/2021,64,22.8909,-109.9124,91.81,17.27
452,Port Augusta,90,AU,06/22/2021,87,-32.5,137.7667,53.6,14.97
453,Aykhal,52,RU,06/22/2021,48,66.0,111.5,72.43,8.39
454,Nong Bua,100,TH,06/22/2021,80,15.8646,100.5858,79.81,3.98
455,Antofagasta,100,CL,06/22/2021,81,-23.65,-70.4,60.08,4.0
456,Umba,100,RU,06/22/2021,100,66.6871,34.3429,55.9,4.56
457,Alta Floresta,2,BR,06/22/2021,44,-9.8756,-56.0861,76.1,2.8
458,Paciran,90,ID,06/22/2021,85,-6.8767,112.3761,78.26,6.08
459,Wakkanai,0,JP,06/22/2021,53,45.4094,141.6739,71.58,6.91
460,Mehrān,0,IR,06/22/2021,14,33.1222,46.1646,92.68,19.53
461,Tuatapere,58,NZ,06/22/2021,79,-46.1333,167.6833,47.82,1.74
462,Hīrna,30,ET,06/22/2021,83,9.2167,41.1,59.38,9.37
463,Katherine,0,AU,06/22/2021,65,-14.4667,132.2667,79.12,9.22
464,Ouégoa,0,NC,06/22/2021,52,-20.35,164.4333,74.32,8.16
465,Tsumeb,0,NA,06/22/2021,44,-19.2333,17.7167,40.55,7.11
466,Lufilufi,75,WS,06/22/2021,89,-13.8745,-171.5986,80.6,3.44
467,Mbandaka,93,CD,06/22/2021,95,0.0487,18.2603,68.72,2.53
468,Beyneu,0,KZ,06/22/2021,23,45.3167,55.2,76.32,9.48
469,Kansanshi,32,ZM,06/22/2021,70,-12.0951,26.4273,50.86,4.07
470,Raudeberg,10,NO,06/22/2021,87,61.9875,5.1352,52.2,2.86
471,Lødingen,35,NO,06/22/2021,81,68.414,15.9951,47.44,8.99
472,Neiafu,75,TO,06/22/2021,73,-18.65,-173.9833,77.0,4.61
473,Hernani,75,ES,06/22/2021,88,43.2662,-1.9762,62.06,5.99
474,Synya,28,RU,06/22/2021,71,65.3718,58.0387,47.66,2.35
475,Mumford,100,GH,06/22/2021,86,5.2618,-0.759,76.93,11.52
476,Baykit,83,RU,06/22/2021,54,61.67,96.37,61.83,2.62
477,Goundam,91,ML,06/22/2021,33,16.4145,-3.6708,89.96,6.53
478,Pindwāra,83,IN,06/22/2021,75,24.8,73.0667,80.31,5.48
479,Abu Dhabi,0,AE,06/22/2021,49,24.4667,54.3667,95.02,5.75
480,Ereymentau,99,KZ,06/22/2021,90,51.6199,73.1033,48.92,11.34
481,Pavlogradka,100,RU,06/22/2021,84,54.2024,73.5592,50.49,3.31
482,Methóni,1,GR,06/22/2021,60,36.8197,21.7049,78.22,8.97
483,Bulungu,100,CD,06/22/2021,76,-4.55,18.6,71.44,1.68
484,Muriwai Beach,8,NZ,06/22/2021,58,-36.8167,174.45,57.96,7.65
485,Grand Gaube,15,MU,06/22/2021,65,-20.0064,57.6608,70.2,20.65
486,Tha Rua,100,TH,06/22/2021,77,14.5634,100.7226,82.99,4.0
487,La Rioja,100,ES,06/22/2021,95,42.25,-2.5,53.38,2.91
488,Macusani,67,PE,06/22/2021,90,-14.0833,-70.4333,34.05,4.43
489,Koslan,99,RU,06/22/2021,96,63.4564,48.8989,64.71,4.03
490,Bulolo,78,PG,06/22/2021,78,-7.2,146.65,76.6,4.16
491,Harper,100,LR,06/22/2021,86,4.375,-7.7169,76.87,7.38
492,Mayna,0,RU,06/22/2021,80,54.1135,47.6231,67.3,2.35
493,Petatlán,95,MX,06/22/2021,77,17.5167,-101.2667,83.19,3.04
494,Pozhva,96,RU,06/22/2021,96,59.0912,56.0847,58.96,4.38
495,Malbork,95,PL,06/22/2021,94,54.0359,19.0266,64.89,5.66
496,Shangzhi,10,CN,06/22/2021,56,45.2167,127.9667,70.47,2.42
497,Mwense,12,ZM,06/22/2021,63,-10.3845,28.698,58.93,3.91
498,Luanda,75,AO,06/22/2021,94,-8.8368,13.2343,71.6,2.3
499,Nālūt,8,LY,06/22/2021,18,30.3333,10.85,90.0,16.44
500,Doha,20,QA,06/22/2021,89,25.2867,51.5333,86.31,4.61
501,Soyo,87,AO,06/22/2021,87,-6.1349,12.3689,73.18,4.38
502,Morada Nova,63,BR,06/22/2021,72,-5.1067,-38.3725,78.01,8.52
503,Luz,65,BR,06/22/2021,61,-19.8014,-45.6856,68.09,5.3
504,Kondinskoye,79,RU,06/22/2021,94,59.6481,67.41,48.43,7.49
505,Kumul,93,CN,06/22/2021,27,42.8,93.45,77.81,3.49
506,Tautira,19,PF,06/22/2021,77,-17.7333,-149.15,84.22,4.88
507,Cap Malheureux,12,MU,06/22/2021,65,-19.9842,57.6142,70.29,20.47
508,Bundaberg,75,AU,06/22/2021,58,-24.85,152.35,74.21,5.01
509,Jacareacanga,71,BR,06/22/2021,51,-6.2222,-57.7528,81.37,1.07
510,Sokoto,66,NG,06/22/2021,63,13.0609,5.239,83.86,6.6
511,Aklavik,14,CA,06/22/2021,40,68.2191,-135.0107,59.72,18.16
512,Saryagash,14,KZ,06/22/2021,33,41.4511,69.1701,62.56,3.44
513,Kirakira,100,SB,06/22/2021,85,-10.4544,161.9205,79.93,9.91
514,Ribas do Rio Pardo,69,BR,06/22/2021,70,-20.4431,-53.7592,71.6,6.04
515,Luena,31,AO,06/22/2021,58,-11.7833,19.9167,48.47,3.62
516,Mineiros,79,BR,06/22/2021,50,-17.5694,-52.5511,70.48,1.52
517,Maurānwān,0,IN,06/22/2021,71,26.4333,80.8833,84.99,5.5
518,Koupéla,80,BF,06/22/2021,70,12.1794,-0.3517,77.99,12.5
519,Fukuechō,0,JP,06/22/2021,73,32.6881,128.8419,75.2,4.61
520,Ulladulla,100,AU,06/22/2021,70,-35.35,150.4667,60.87,6.76
521,Labuhan,85,ID,06/22/2021,86,-6.8844,112.2051,77.86,6.51
522,Cockburn Town,40,TC,06/22/2021,65,21.4612,-71.1419,84.2,16.11
523,Abu Samrah,0,SY,06/22/2021,75,35.3029,37.1841,67.5,8.05
524,Avera,100,US,06/22/2021,87,33.194,-82.5271,79.48,6.26
525,Tiznit Province,58,MA,06/22/2021,83,29.5833,-9.5,60.71,4.21
526,Praia da Vitória,75,PT,06/22/2021,72,38.7333,-27.0667,66.45,3.33
527,Asău,5,RO,06/22/2021,97,46.4333,26.4,64.0,4.99
528,Vostok,3,RU,06/22/2021,43,46.4856,135.8833,73.11,3.96
529,Zambezi,30,ZM,06/22/2021,58,-13.5432,23.1047,50.32,3.98
530,Fairbanks,40,US,06/22/2021,31,64.8378,-147.7164,80.01,11.5
531,Shubarkuduk,13,KZ,06/22/2021,46,49.1447,56.4872,75.11,6.58
532,Huarmey,12,PE,06/22/2021,82,-10.0681,-78.1522,66.31,10.51
533,Kailua,20,US,06/22/2021,60,21.4022,-157.7394,88.07,10.36
534,Ilave,62,PE,06/22/2021,71,-16.0833,-69.6667,42.98,3.24
535,Lorengau,27,PG,06/22/2021,77,-2.0226,147.2712,82.74,7.81
536,La Primavera,97,CO,06/22/2021,90,5.4906,-70.4092,74.25,5.48
537,Moose Jaw,75,CA,06/22/2021,22,50.4001,-105.5344,84.47,8.05
538,Luoyang,97,CN,06/22/2021,34,34.6836,112.4536,85.44,3.78
539,Oildale,1,US,06/22/2021,15,35.4197,-119.0195,102.58,12.66
540,Dzhebariki-Khaya,3,RU,06/22/2021,44,62.2167,135.8,72.57,2.04
541,La Asuncion,54,VE,06/22/2021,94,11.0333,-63.8628,76.73,9.22
542,Rio Grande,100,BR,06/22/2021,80,-32.035,-52.0986,57.94,15.43
543,Premià de Mar,3,ES,06/22/2021,77,41.4921,2.3652,74.44,3.0
544,Marathon,1,US,06/22/2021,38,44.9,-89.7668,69.33,6.91
545,Beringovskiy,100,RU,06/22/2021,79,63.05,179.3167,41.85,9.73
546,Bamboo,97,JM,06/22/2021,85,18.3922,-77.2643,76.96,8.16
547,Yangjiang,100,CN,06/22/2021,96,21.85,111.9667,77.34,6.87
548,Saint-François,0,FR,06/22/2021,100,46.4154,3.9054,60.48,3.44
549,Malazgirt,0,TR,06/22/2021,46,39.1427,42.5401,57.92,1.45
550,Dothan,20,US,06/22/2021,63,31.2232,-85.3905,82.6,6.91
551,Villanueva de Córdoba,26,ES,06/22/2021,58,38.3228,-4.6287,58.73,3.36
552,Amuntai,64,ID,06/22/2021,82,-2.4177,115.2494,77.65,1.21
553,Daru,64,PG,06/22/2021,88,-9.0763,143.2092,79.36,18.43
554,Mount Isa,48,AU,06/22/2021,46,-20.7333,139.5,73.17,17.27
555,Akureyri,90,IS,06/22/2021,66,65.6835,-18.0878,46.33,10.36
556,Baruun-Urt,100,MN,06/22/2021,41,46.6806,113.2792,70.9,8.3
557,Upata,100,VE,06/22/2021,99,8.0086,-62.3989,70.2,3.91
558,Zafra,18,ES,06/22/2021,73,38.4167,-6.4167,63.0,1.99
559,Scarborough,9,GB,06/22/2021,81,54.2797,-0.4044,48.0,5.7
560,Nauta,83,PE,06/22/2021,89,-4.5061,-73.5757,75.36,1.48
